FullName,HireDate,Location,State,EmploymentType,Year,BaseSalary,Bonus,Overtime,TotalCompensation,Department,PTODays,SickDays,PerformanceScore
Alison Johnson,05/13/00,Boston,MA,Full-Time,2000,89000,6230,0,95230,Marketing,14,2,4
Corine M. Henderson,08/07/00,Boston,MA,Full-Time,2000,72000,7920,2880,82800,R&D,14,1,5
Julia  Hegwood ,08/24/00,Boston,MA,Full-Time,2000,45000,3150,0,62150,Sales,14,2,2
Jeremiah De Grazia,09/08/00,Boston,MA,Full-Time,2000,58000,4640,1740,64380,Finance,12,1,4
Willow Nevandro,10/18/00,Boston,MA,Full-Time,2000,34000,2380,1020,37400,Administration,12,3,3
Martie Elmasian,12/07/00,Boston,MA,Full-Time,2000,54000,6480,2160,62640,R&D,13,6,4
Alison Johnson,05/13/00,Boston,MA,Full-Time,2001,92000,7360,0,99360,Marketing,13,6,3
Corine M. Henderson,08/07/00,Boston,MA,Full-Time,2001,75000,5250,3750,84000,R&D,14,9,5
Julia  Hegwood ,08/24/00,Boston,MA,Full-Time,2001,48000,2880,0,94880,Sales,15,3,4
Jeremiah De Grazia,09/08/00,Boston,MA,Full-Time,2001,62000,3100,3100,68200,Finance,11,6,5
Willow Nevandro,10/18/00,Boston,MA,Full-Time,2001,36000,2520,1080,39600,Administration,14,3,5
Martie Elmasian,12/07/00,Boston,MA,Full-Time,2001,60000,4200,2400,66600,R&D,14,1,5
Kelly Queen,01/13/01,Los Angeles,CA,Full-Time,2001,43000,5160,0,90160,Sales,12,3,4
Cristhian Roth,04/02/01,Los Angeles,CA,Full-Time,2001,54000,4320,0,58320,Administration,10,6,2
Joeanne Melendez,05/04/01,Los Angeles,CA,Full-Time,2001,32000,2560,0,34560,R&D,14,9,5
Brian M Stucki,05/10/01,Chicago,IL,Full-Time,2001,43000,3440,0,68440,Sales,14,7,5
Cindy Summerville,06/23/01,Chicago,IL,Full-Time,2001,63000,3780,0,66780,IT,12,9,3
Tony Merrick,09/18/01,Chicago,IL,Full-Time,2001,105000,9450,3150,117600,R&D,10,1,3
Bryan Anderson,10/06/01,Chicago,IL,Full-Time,2001,66000,3960,3300,73260,Accounting,13,3,5
Janalee Eggleston,10/21/01,Boston,MA,Full-Time,2001,28000,1680,840,30520,R&D,11,3,3
Elena Miriam Hillen ,10/22/01,Boston,MA,Full-Time,2001,59000,3540,1770,64310,IT,15,2,5
Natalie H. Zeidell,10/24/01,Boston,MA,Full-Time,2001,59000,4130,0,63130,IT,13,0,4
Stacy L Chen,11/23/01,Boston,MA,Full-Time,2001,59000,3540,1770,64310,Human Resources,13,1,3
Alexis Ripley,12/03/01,Boston,MA,Full-Time,2001,64000,5120,1280,70400,Administration,11,4,2
Micah Chokeir,12/21/01,Boston,MA,Full-Time,2001,55000,3850,1100,59950,IT,14,4,2
Jesse Wooten,12/21/01,Boston,MA,Full-Time,2001,75000,3750,0,78750,Administration,15,5,4
Ryan Kennedy ,12/24/01,Boston,MA,Full-Time,2001,81000,5670,2430,89100,Customer Support,15,4,2
Alison Johnson,05/13/00,Boston,MA,Full-Time,2002,94000,8460,2820,105280,Marketing,15,1,5
Corine M. Henderson,08/07/00,Boston,MA,Full-Time,2002,77000,6160,3080,86240,R&D,14,11,2
Julia  Hegwood ,08/24/00,Boston,MA,Full-Time,2002,52000,4680,0,94680,Sales,10,4,3
Jeremiah De Grazia,09/08/00,Boston,MA,Full-Time,2002,62000,6200,0,68200,Finance,10,9,2
Willow Nevandro,10/18/00,Boston,MA,Full-Time,2002,38000,1900,1520,41420,Administration,10,5,3
Martie Elmasian,12/07/00,Boston,MA,Full-Time,2002,63000,3150,3150,69300,R&D,13,1,3
Kelly Queen,01/13/01,Los Angeles,CA,Full-Time,2002,45000,4050,0,104050,Sales,14,7,3
Cristhian Roth,04/02/01,Los Angeles,CA,Full-Time,2002,58000,3480,1160,62640,Administration,10,10,3
Joeanne Melendez,05/04/01,Los Angeles,CA,Full-Time,2002,36000,3240,720,39960,R&D,11,2,3
Brian M Stucki,05/10/01,Chicago,IL,Full-Time,2002,45000,3600,0,92600,Sales,11,11,2
Cindy Summerville,06/23/01,Chicago,IL,Full-Time,2002,65000,7800,1950,74750,IT,11,1,2
Tony Merrick,09/18/01,Chicago,IL,Full-Time,2002,107000,11770,0,118770,R&D,12,9,2
Bryan Anderson,10/06/01,Chicago,IL,Full-Time,2002,68000,4080,680,72760,Accounting,15,1,4
Janalee Eggleston,10/21/01,Boston,MA,Full-Time,2002,32000,1600,1600,35200,R&D,11,8,2
Elena Miriam Hillen ,10/22/01,Boston,MA,Full-Time,2002,61000,5490,610,67100,IT,11,3,5
Natalie H. Zeidell,10/24/01,Boston,MA,Full-Time,2002,63000,4410,630,68040,IT,15,11,3
Stacy L Chen,11/23/01,Boston,MA,Full-Time,2002,62000,4340,0,66340,Human Resources,11,1,4
Alexis Ripley,12/03/01,Boston,MA,Full-Time,2002,67000,6700,3350,77050,Administration,13,10,3
Micah Chokeir,12/21/01,Boston,MA,Full-Time,2002,58000,6960,2900,67860,IT,10,3,3
Jesse Wooten,12/21/01,Boston,MA,Full-Time,2002,76000,8360,0,84360,Administration,15,11,4
Ryan Kennedy ,12/24/01,Boston,MA,Full-Time,2002,84000,9240,840,94080,Customer Support,11,3,4
James Wilson,01/03/02,Boston,MA,Full-Time,2002,48000,4800,1920,54720,Accounting,14,7,2
Steven  Bolin,02/02/02,Boston,MA,Full-Time,2002,42000,4620,1260,47880,Accounting,11,3,2
Gabriel R. Self,02/08/02,Boston,MA,Full-Time,2002,77000,5390,1540,83930,IT,12,5,2
Matthew Tait,02/16/02,New York,NY,Full-Time,2002,30000,3600,0,33600,Customer Support,13,4,3
Manuel Steele,07/05/02,New York,NY,Full-Time,2002,47000,5640,1880,54520,Human Resources,13,2,4
Alison Johnson,05/13/00,Boston,MA,Full-Time,2003,96000,6720,1920,104640,Marketing,10,2,5
Corine M. Henderson,08/07/00,Boston,MA,Full-Time,2003,79000,6320,3160,88480,R&D,10,10,4
Julia  Hegwood ,08/24/00,Boston,MA,Full-Time,2003,54000,5400,0,103400,Sales,12,2,2
Jeremiah De Grazia,09/08/00,Boston,MA,Full-Time,2003,64000,5760,3200,72960,Finance,14,0,5
Willow Nevandro,10/18/00,Boston,MA,Full-Time,2003,40000,4000,400,44400,Administration,10,10,3
Martie Elmasian,12/07/00,Boston,MA,Full-Time,2003,67000,6700,2010,75710,R&D,15,3,4
Kelly Queen,01/13/01,Los Angeles,CA,Full-Time,2003,48000,4800,0,123800,Sales,15,0,3
Cristhian Roth,04/02/01,Los Angeles,CA,Full-Time,2003,62000,3100,0,65100,Administration,10,10,2
Joeanne Melendez,05/04/01,Los Angeles,CA,Full-Time,2003,40000,2000,800,42800,R&D,12,1,2
Brian M Stucki,05/10/01,Chicago,IL,Full-Time,2003,45000,3600,0,99600,Sales,10,5,2
Cindy Summerville,06/23/01,Chicago,IL,Full-Time,2003,68000,3400,2040,73440,IT,13,7,3
Tony Merrick,09/18/01,Chicago,IL,Full-Time,2003,109000,13080,5450,127530,R&D,13,10,4
Bryan Anderson,10/06/01,Chicago,IL,Full-Time,2003,72000,5760,720,78480,Accounting,13,6,2
Janalee Eggleston,10/21/01,Boston,MA,Full-Time,2003,35000,4200,700,39900,R&D,13,2,2
Elena Miriam Hillen ,10/22/01,Boston,MA,Full-Time,2003,64000,3200,640,67840,IT,12,10,4
Natalie H. Zeidell,10/24/01,Boston,MA,Full-Time,2003,66000,5280,660,71940,IT,15,10,5
Stacy L Chen,11/23/01,Boston,MA,Full-Time,2003,66000,7260,0,73260,Human Resources,12,11,3
Alexis Ripley,12/03/01,Boston,MA,Full-Time,2003,71000,4260,1420,76680,Administration,10,4,5
Micah Chokeir,12/21/01,Boston,MA,Full-Time,2003,62000,4960,620,67580,IT,12,5,3
Jesse Wooten,12/21/01,Boston,MA,Full-Time,2003,78000,7020,780,85800,Administration,11,9,5
Ryan Kennedy ,12/24/01,Boston,MA,Full-Time,2003,88000,5280,1760,95040,Customer Support,12,5,2
James Wilson,01/03/02,Boston,MA,Full-Time,2003,52000,5200,1040,58240,Accounting,12,5,3
Steven  Bolin,02/02/02,Boston,MA,Full-Time,2003,46000,4600,460,51060,Accounting,10,9,2
Gabriel R. Self,02/08/02,Boston,MA,Full-Time,2003,82000,7380,4100,93480,IT,11,9,5
Matthew Tait,02/16/02,New York,NY,Full-Time,2003,35000,4200,0,39200,Customer Support,13,3,3
Manuel Steele,07/05/02,New York,NY,Full-Time,2003,50000,5000,2500,57500,Human Resources,11,4,2
Richard  Garza,01/16/03,Miami,FL,Full-Time,2003,25000,1500,1000,27500,Administration,10,6,2
Joshua Daniel,03/22/03,Miami,FL,Full-Time,2003,31000,1860,310,33170,Administration,10,0,3
Shireen Battah,04/30/03,Miami,FL,Full-Time,2003,30000,2400,1500,33900,Accounting,13,4,3
Jacqueline N. Gappy,05/29/03,Miami,FL,Full-Time,2003,68000,3400,680,72080,Human Resources,10,3,4
Harman Abraha,07/21/03,Los Angeles,CA,Full-Time,2003,74000,7400,0,81400,Accounting,10,3,3
Ryan  Mesko,10/18/03,Los Angeles,CA,Full-Time,2003,123000,12300,4920,140220,Administration,13,6,3
Michelle  Greenwell,10/27/03,Chicago,IL,Full-Time,2003,64000,7680,1280,72960,Administration,10,4,3
Erik G. Rinehart,11/04/03,Chicago,IL,Full-Time,2003,63000,3780,630,67410,IT,10,2,5
Julie Yost,11/07/03,New York,NY,Full-Time,2003,57000,5700,1710,64410,Finance,11,2,4
Rikkie J Mahone,11/27/03,New York,NY,Full-Time,2003,48000,3840,2400,54240,Marketing,10,2,4
Benny Erwin,12/03/03,Boston,MA,Full-Time,2003,77000,3850,0,80850,Sales,13,8,4
Jonathan C. Parnell,12/04/03,Boston,MA,Full-Time,2003,57000,2850,2280,62130,Marketing,11,8,3
Julie Harken,12/04/03,Boston,MA,Full-Time,2003,83000,4150,0,87150,Sales,13,0,4
Yvette Hurtado ,12/14/03,Boston,MA,Full-Time,2003,40000,4800,800,45600,Finance,10,10,2
Alison Johnson,05/13/00,Boston,MA,Full-Time,2004,100000,7000,2000,109000,Marketing,15,0,3
Julia  Hegwood ,08/24/00,Boston,MA,Full-Time,2004,58000,4060,0,122060,Sales,11,4,3
Jeremiah De Grazia,09/08/00,Boston,MA,Full-Time,2004,69000,4830,3450,77280,Finance,15,0,2
Willow Nevandro,10/18/00,Boston,MA,Full-Time,2004,44000,5280,1760,51040,Administration,15,9,4
Martie Elmasian,12/07/00,Boston,MA,Full-Time,2004,70000,4900,0,74900,R&D,14,1,2
Kelly Queen,01/13/01,Los Angeles,CA,Full-Time,2004,52000,3640,0,143640,Sales,10,4,3
Cristhian Roth,04/02/01,Los Angeles,CA,Full-Time,2004,65000,3900,3250,72150,Administration,11,5,5
Joeanne Melendez,05/04/01,Los Angeles,CA,Full-Time,2004,43000,3870,860,47730,R&D,10,8,5
Brian M Stucki,05/10/01,Chicago,IL,Full-Time,2004,49000,4410,0,149410,Sales,15,8,5
Cindy Summerville,06/23/01,Chicago,IL,Full-Time,2004,72000,7200,2160,81360,IT,10,11,3
Bryan Anderson,10/06/01,Chicago,IL,Full-Time,2004,75000,4500,3750,83250,Accounting,11,11,4
Janalee Eggleston,10/21/01,Boston,MA,Full-Time,2004,39000,4680,390,44070,R&D,12,10,2
Elena Miriam Hillen ,10/22/01,Boston,MA,Full-Time,2004,68000,7480,2040,77520,IT,12,2,4
Natalie H. Zeidell,10/24/01,Boston,MA,Full-Time,2004,70000,7000,700,77700,IT,10,11,5
Stacy L Chen,11/23/01,Boston,MA,Full-Time,2004,70000,4200,700,74900,Human Resources,12,6,4
Alexis Ripley,12/03/01,Boston,MA,Full-Time,2004,75000,6750,2250,84000,Administration,10,2,5
Micah Chokeir,12/21/01,Boston,MA,Full-Time,2004,65000,5200,650,70850,IT,15,0,2
Jesse Wooten,12/21/01,Boston,MA,Full-Time,2004,82000,4920,2460,89380,Administration,12,11,2
Ryan Kennedy ,12/24/01,Boston,MA,Full-Time,2004,93000,10230,1860,105090,Customer Support,15,6,2
James Wilson,01/03/02,Boston,MA,Full-Time,2004,55000,3300,1650,59950,Accounting,15,1,2
Steven  Bolin,02/02/02,Boston,MA,Full-Time,2004,50000,5000,2500,57500,Accounting,12,1,3
Gabriel R. Self,02/08/02,Boston,MA,Full-Time,2004,85000,4250,4250,93500,IT,12,5,3
Matthew Tait,02/16/02,New York,NY,Full-Time,2004,39000,4680,1950,45630,Customer Support,14,5,3
Manuel Steele,07/05/02,New York,NY,Full-Time,2004,54000,4320,2700,61020,Human Resources,14,2,4
Richard  Garza,01/16/03,Miami,FL,Full-Time,2004,27500,1375,275,29150,Administration,11,1,3
Joshua Daniel,03/22/03,Miami,FL,Full-Time,2004,33000,2640,1320,36960,Administration,12,11,4
Shireen Battah,04/30/03,Miami,FL,Full-Time,2004,35000,2800,350,38150,Accounting,10,9,5
Jacqueline N. Gappy,05/29/03,Miami,FL,Full-Time,2004,72000,3600,2880,78480,Human Resources,14,0,5
Harman Abraha,07/21/03,Los Angeles,CA,Full-Time,2004,78000,7800,780,86580,Accounting,15,4,4
Ryan  Mesko,10/18/03,Los Angeles,CA,Full-Time,2004,130000,14300,1300,145600,Administration,14,6,3
Michelle  Greenwell,10/27/03,Chicago,IL,Full-Time,2004,68000,8160,0,76160,Administration,10,5,2
Erik G. Rinehart,11/04/03,Chicago,IL,Full-Time,2004,65000,3900,0,68900,IT,15,7,3
Julie Yost,11/07/03,New York,NY,Full-Time,2004,60000,7200,2400,69600,Finance,12,1,4
Rikkie J Mahone,11/27/03,New York,NY,Full-Time,2004,52000,3120,1040,56160,Marketing,15,8,2
Benny Erwin,12/03/03,Boston,MA,Full-Time,2004,78000,7020,0,210020,Sales,15,3,4
Jonathan C. Parnell,12/04/03,Boston,MA,Full-Time,2004,60000,6000,1200,67200,Marketing,15,9,4
Julie Harken,12/04/03,Boston,MA,Full-Time,2004,85000,6800,0,175800,Sales,12,3,2
Yvette Hurtado ,12/14/03,Boston,MA,Full-Time,2004,44000,2200,440,46640,Finance,13,4,5
Rebecca Negrete,04/27/04,New York,NY,Full-Time,2004,54000,3240,2160,59400,Accounting,13,6,5
William Melendez,05/24/04,Miami,FL,Full-Time,2004,45000,2700,900,48600,Administration,15,5,4
Cassandra Perry,06/07/04,Los Angeles,CA,Full-Time,2004,62000,3100,1240,66340,R&D,13,0,5
Johnathan A Wilhite,06/08/04,Chicago,IL,Full-Time,2004,27000,3240,1350,31590,Marketing,12,8,5
Bryan Brier,08/01/04,Boston,MA,Full-Time,2004,48000,2880,1920,52800,Finance,14,9,2
Rosa I. Peralta,11/19/04,Boston,MA,Full-Time,2004,73000,8760,3650,85410,IT,13,9,4
Micah Talia,11/22/04,Boston,MA,Full-Time,2004,77000,9240,770,87010,R&D,11,8,5
Alison Johnson,05/13/00,Boston,MA,Full-Time,2005,100000,11000,3000,114000,Marketing,14,1,5
Julia  Hegwood ,08/24/00,Boston,MA,Full-Time,2005,58000,2900,0,114900,Sales,15,8,5
Jeremiah De Grazia,09/08/00,Boston,MA,Full-Time,2005,69000,4140,0,73140,Finance,15,2,5
Willow Nevandro,10/18/00,Boston,MA,Full-Time,2005,44000,3520,1320,48840,Administration,11,3,5
Martie Elmasian,12/07/00,Boston,MA,Full-Time,2005,70000,7700,1400,79100,R&D,15,6,3
Kelly Queen,01/13/01,Los Angeles,CA,Full-Time,2005,52000,4680,0,148180,Sales,12,11,3
Joeanne Melendez,05/04/01,Los Angeles,CA,Full-Time,2005,43000,3440,0,46440,R&D,11,5,4
Brian M Stucki,05/10/01,Chicago,IL,Full-Time,2005,49000,3430,0,111430,Sales,14,10,4
Cindy Summerville,06/23/01,Chicago,IL,Full-Time,2005,72000,5760,0,77760,IT,11,9,3
Bryan Anderson,10/06/01,Chicago,IL,Full-Time,2005,75000,6750,0,81750,Accounting,13,10,2
Janalee Eggleston,10/21/01,Boston,MA,Full-Time,2005,39000,3900,1560,44460,R&D,11,2,4
Elena Miriam Hillen ,10/22/01,Boston,MA,Full-Time,2005,68000,5440,680,74120,IT,15,3,5
Stacy L Chen,11/23/01,Boston,MA,Full-Time,2005,70000,6300,3500,79800,Human Resources,15,8,4
Alexis Ripley,12/03/01,Boston,MA,Full-Time,2005,75000,7500,3750,86250,Administration,10,1,2
Micah Chokeir,12/21/01,Boston,MA,Full-Time,2005,65000,3250,1300,69550,IT,13,5,5
Jesse Wooten,12/21/01,Boston,MA,Full-Time,2005,82000,9020,1640,92660,Administration,12,4,2
Ryan Kennedy ,12/24/01,Boston,MA,Full-Time,2005,93000,5580,4650,103230,Customer Support,10,9,5
James Wilson,01/03/02,Boston,MA,Full-Time,2005,55000,4950,550,60500,Accounting,12,0,3
Steven  Bolin,02/02/02,Boston,MA,Full-Time,2005,50000,5500,2500,58000,Accounting,13,2,4
Gabriel R. Self,02/08/02,Boston,MA,Full-Time,2005,85000,4250,1700,90950,IT,12,9,2
Manuel Steele,07/05/02,New York,NY,Full-Time,2005,54000,2700,1620,58320,Human Resources,12,9,2
Richard  Garza,01/16/03,Miami,FL,Full-Time,2005,27500,1925,825,30250,Administration,11,11,3
Joshua Daniel,03/22/03,Miami,FL,Full-Time,2005,33000,1650,660,35310,Administration,14,3,4
Shireen Battah,04/30/03,Miami,FL,Full-Time,2005,35000,1750,1750,38500,Accounting,13,9,5
Jacqueline N. Gappy,05/29/03,Miami,FL,Full-Time,2005,72000,5760,3600,81360,Human Resources,12,0,5
Harman Abraha,07/21/03,Los Angeles,CA,Full-Time,2005,78000,7020,2340,87360,Accounting,13,0,2
Ryan  Mesko,10/18/03,Los Angeles,CA,Full-Time,2005,130000,14300,5200,149500,Administration,13,9,5
Michelle  Greenwell,10/27/03,Chicago,IL,Full-Time,2005,68000,6120,3400,77520,Administration,13,2,5
Erik G. Rinehart,11/04/03,Chicago,IL,Full-Time,2005,65000,7800,2600,75400,IT,12,9,5
Julie Yost,11/07/03,New York,NY,Full-Time,2005,60000,6600,600,67200,Finance,12,1,2
Rikkie J Mahone,11/27/03,New York,NY,Full-Time,2005,52000,6240,1560,59800,Marketing,13,5,4
Benny Erwin,12/03/03,Boston,MA,Full-Time,2005,78000,4680,0,168680,Sales,13,7,5
Jonathan C. Parnell,12/04/03,Boston,MA,Full-Time,2005,60000,4200,1200,65400,Marketing,14,0,2
Julie Harken,12/04/03,Boston,MA,Full-Time,2005,85000,10200,0,197200,Sales,12,8,5
Yvette Hurtado ,12/14/03,Boston,MA,Full-Time,2005,44000,2640,0,46640,Finance,11,8,2
Rebecca Negrete,04/27/04,New York,NY,Full-Time,2005,54000,3240,2160,59400,Accounting,13,3,3
William Melendez,05/24/04,Miami,FL,Full-Time,2005,45000,2250,900,48150,Administration,11,8,3
Cassandra Perry,06/07/04,Los Angeles,CA,Full-Time,2005,62000,3720,620,66340,R&D,13,11,4
Johnathan A Wilhite,06/08/04,Chicago,IL,Full-Time,2005,27000,2700,0,29700,Marketing,10,7,5
Bryan Brier,08/01/04,Boston,MA,Full-Time,2005,48000,2880,480,51360,Finance,11,5,3
Rosa I. Peralta,11/19/04,Boston,MA,Full-Time,2005,73000,8030,0,81030,IT,12,3,4
Micah Talia,11/22/04,Boston,MA,Full-Time,2005,77000,6160,3850,87010,R&D,10,4,5
Rebecca L. Haight,02/14/05,Miami,FL,Full-Time,2005,48000,4800,1440,54240,Accounting,14,2,3
Katherine Battah,03/04/05,Los Angeles,CA,Full-Time,2005,87000,7830,1740,96570,Customer Support,11,1,4
Elena Miriam Woodburn,03/09/05,Chicago,IL,Full-Time,2005,76000,9120,0,85120,R&D,12,0,3
Tamara Pacheco,03/25/05,New York,NY,Full-Time,2005,85000,4250,1700,90950,IT,11,0,2
Krisaundra Hightower,05/05/05,Boston,MA,Full-Time,2005,62000,4340,1240,67580,Finance,13,10,4
Matthew W Yamaguchi,05/20/05,Boston,MA,Full-Time,2005,46000,4140,0,65140,Sales,13,8,2
Laura Aguirre,08/04/05,Boston,MA,Full-Time,2005,72000,3600,1440,77040,Accounting,15,4,3
Eric W. Kilbride,09/25/05,Boston,MA,Full-Time,2005,28000,1960,840,30800,Administration,10,11,5
Melissa Torruella,10/19/05,Boston,MA,Full-Time,2005,40000,3200,800,44000,Customer Support,13,2,4
Natalie H. Woodford,12/21/05,Boston,MA,Full-Time,2005,52000,3120,1040,56160,R&D,13,4,3
Alison Johnson,05/13/00,Boston,MA,Full-Time,2006,110000,6600,2200,118800,Marketing,10,5,2
Julia  Hegwood ,08/24/00,Boston,MA,Full-Time,2006,63220,5057.6,0,154277.6,Sales,15,9,5
Jeremiah De Grazia,09/08/00,Boston,MA,Full-Time,2006,71760,7176,1435.2,80371.2,Finance,13,11,2
Willow Nevandro,10/18/00,Boston,MA,Full-Time,2006,46200,5082,924,52206,Administration,10,3,2
Martie Elmasian,12/07/00,Boston,MA,Full-Time,2006,74900,8988,749,84637,R&D,14,2,4
Kelly Queen,01/13/01,Los Angeles,CA,Full-Time,2006,56160,5054.4,0,176214.4,Sales,14,3,3
Joeanne Melendez,05/04/01,Los Angeles,CA,Full-Time,2006,46870,2343.5,0,49213.5,R&D,12,5,4
Brian M Stucki,05/10/01,Chicago,IL,Full-Time,2006,52920,6350.4,0,139270.4,Sales,11,4,2
Cindy Summerville,06/23/01,Chicago,IL,Full-Time,2006,77760,8553.6,3888,90201.6,IT,15,10,5
Bryan Anderson,10/06/01,Chicago,IL,Full-Time,2006,81000,4050,4050,89100,Accounting,15,7,3
Janalee Eggleston,10/21/01,Boston,MA,Full-Time,2006,42900,5148,1716,49764,R&D,13,7,3
Elena Miriam Hillen ,10/22/01,Boston,MA,Full-Time,2006,74800,7480,0,82280,IT,14,6,3
Stacy L Chen,11/23/01,Boston,MA,Full-Time,2006,77000,9240,3850,90090,Human Resources,11,3,5
Alexis Ripley,12/03/01,Boston,MA,Full-Time,2006,81750,5722.5,817.5,88290,Administration,13,3,4
Micah Chokeir,12/21/01,Boston,MA,Full-Time,2006,68250,6142.5,1365,75757.5,IT,14,9,5
Jesse Wooten,12/21/01,Boston,MA,Full-Time,2006,90200,4510,2706,97416,Administration,14,9,3
Ryan Kennedy ,12/24/01,Boston,MA,Full-Time,2006,101370,12164.4,0,113534.4,Customer Support,13,1,2
James Wilson,01/03/02,Boston,MA,Full-Time,2006,59400,4752,594,64746,Accounting,11,10,4
Steven  Bolin,02/02/02,Boston,MA,Full-Time,2006,55500,6105,1110,62715,Accounting,15,4,4
Gabriel R. Self,02/08/02,Boston,MA,Full-Time,2006,90950,4547.5,0,95497.5,IT,12,1,4
Manuel Steele,07/05/02,New York,NY,Full-Time,2006,56160,4492.8,1684.8,62337.6,Human Resources,15,8,4
Richard  Garza,01/16/03,Miami,FL,Full-Time,2006,28600,1430,858,30888,Administration,12,11,4
Joshua Daniel,03/22/03,Miami,FL,Full-Time,2006,36630,4395.6,0,41025.6,Administration,12,6,2
Shireen Battah,04/30/03,Miami,FL,Full-Time,2006,37450,4494,1872.5,43816.5,Accounting,13,5,3
Jacqueline N. Gappy,05/29/03,Miami,FL,Full-Time,2006,76320,5342.4,3052.8,84715.2,Human Resources,11,10,4
Harman Abraha,07/21/03,Los Angeles,CA,Full-Time,2006,83460,8346,3338.4,95144.4,Accounting,12,1,2
Ryan  Mesko,10/18/03,Los Angeles,CA,Full-Time,2006,141700,7085,2834,151619,Administration,12,6,5
Erik G. Rinehart,11/04/03,Chicago,IL,Full-Time,2006,68250,7507.5,0,75757.5,IT,13,2,5
Julie Yost,11/07/03,New York,NY,Full-Time,2006,65400,7848,1308,74556,Finance,10,9,2
Rikkie J Mahone,11/27/03,New York,NY,Full-Time,2006,55640,2782,1669.2,60091.2,Marketing,10,7,3
Benny Erwin,12/03/03,Boston,MA,Full-Time,2006,81900,7371,0,211271,Sales,13,4,5
Jonathan C. Parnell,12/04/03,Boston,MA,Full-Time,2006,64200,3210,0,67410,Marketing,10,1,5
Julie Harken,12/04/03,Boston,MA,Full-Time,2006,89250,4462.5,0,229712.5,Sales,10,1,2
Yvette Hurtado ,12/14/03,Boston,MA,Full-Time,2006,45760,3203.2,1372.8,50336,Finance,12,0,2
Rebecca Negrete,04/27/04,New York,NY,Full-Time,2006,58320,4665.6,2916,65901.6,Accounting,14,8,5
Cassandra Perry,06/07/04,Los Angeles,CA,Full-Time,2006,65720,3943.2,657.2,70320.4,R&D,15,4,2
Johnathan A Wilhite,06/08/04,Chicago,IL,Full-Time,2006,29430,3237.3,882.9,33550.2,Marketing,14,6,4
Bryan Brier,08/01/04,Boston,MA,Full-Time,2006,52320,4708.8,2092.8,59121.6,Finance,15,3,4
Rosa I. Peralta,11/19/04,Boston,MA,Full-Time,2006,75920,9110.4,2277.6,87308,IT,10,4,3
Micah Talia,11/22/04,Boston,MA,Full-Time,2006,84700,9317,1694,95711,R&D,10,5,2
Rebecca L. Haight,02/14/05,Miami,FL,Full-Time,2006,51360,3595.2,2568,57523.2,Accounting,13,2,3
Katherine Battah,03/04/05,Los Angeles,CA,Full-Time,2006,91350,7308,913.5,99571.5,Customer Support,10,5,4
Elena Miriam Woodburn,03/09/05,Chicago,IL,Full-Time,2006,80560,9667.2,4028,94255.2,R&D,11,10,3
Tamara Pacheco,03/25/05,New York,NY,Full-Time,2006,92650,8338.5,1853,102841.5,IT,11,1,3
Krisaundra Hightower,05/05/05,Boston,MA,Full-Time,2006,65720,4600.4,657.2,70977.6,Finance,11,4,2
Matthew W Yamaguchi,05/20/05,Boston,MA,Full-Time,2006,51060,3574.2,0,133634.2,Sales,14,8,3
Laura Aguirre,08/04/05,Boston,MA,Full-Time,2006,75600,3780,1512,80892,Accounting,11,5,4
Eric W. Kilbride,09/25/05,Boston,MA,Full-Time,2006,29680,1780.8,890.4,32351.2,Administration,15,7,3
Melissa Torruella,10/19/05,Boston,MA,Full-Time,2006,41600,4160,0,45760,Customer Support,12,11,2
Natalie H. Woodford,12/21/05,Boston,MA,Full-Time,2006,54080,4867.2,2163.2,61110.4,R&D,15,5,5
Kelley Reneau,01/09/06,Boston,MA,Full-Time,2006,35000,2100,350,37450,Accounting,15,6,3
Ann Sharp,02/02/06,Miami,FL,Full-Time,2006,85000,7650,0,92650,IT,10,7,2
Michelle  Shevlin,02/28/06,Los Angeles,CA,Full-Time,2006,54000,3780,2700,60480,R&D,14,2,5
Saif Perrine,03/01/06,Chicago,IL,Full-Time,2006,27000,2700,1350,31050,Marketing,10,6,4
Genevieve   Knapp,04/02/06,New York,NY,Full-Time,2006,35000,3850,0,63850,Sales,12,3,5
Laura S Greenwell,04/17/06,Boston,MA,Full-Time,2006,65000,4550,1300,70850,Human Resources,13,9,3
Elena Miriam Takahashi,05/06/06,Boston,MA,Full-Time,2006,85000,7650,1700,94350,IT,13,11,2
Jacqueline N. Hildebrand,08/11/06,Boston,MA,Full-Time,2006,44000,3520,440,47960,Finance,15,8,4
Joshua Johnson,09/02/06,Boston,MA,Full-Time,2006,96000,6720,960,103680,Finance,10,7,5
Moriel Caldwell,11/16/06,Boston,MA,Full-Time,2006,119000,5950,3570,128520,R&D,14,9,2
Stephen H. Thomas,12/22/06,Boston,MA,Full-Time,2006,67000,6700,3350,77050,Finance,12,9,2
Julia  Hegwood ,08/24/00,Boston,MA,Full-Time,2007,70806,7080.6,0,192886.6,Sales,14,9,4
Willow Nevandro,10/18/00,Boston,MA,Full-Time,2007,48972,2448.6,0,51420.6,Administration,15,8,5
Martie Elmasian,12/07/00,Boston,MA,Full-Time,2007,80892,8898.12,3235.68,93025.8,R&D,14,11,4
Kelly Queen,01/13/01,Los Angeles,CA,Full-Time,2007,62899,7547.88,0,168446.88,Sales,10,10,4
Joeanne Melendez,05/04/01,Los Angeles,CA,Full-Time,2007,49682,5961.84,2484.1,58127.94,R&D,10,3,5
Brian M Stucki,05/10/01,Chicago,IL,Full-Time,2007,54508,3270.48,0,162778.48,Sales,11,3,2
Cindy Summerville,06/23/01,Chicago,IL,Full-Time,2007,85536,4276.8,1710.72,91523.52,IT,12,6,3
Bryan Anderson,10/06/01,Chicago,IL,Full-Time,2007,87480,4374,4374,96228,Accounting,12,11,2
Janalee Eggleston,10/21/01,Boston,MA,Full-Time,2007,46332,4633.2,0,50965.2,R&D,14,6,2
Elena Miriam Hillen ,10/22/01,Boston,MA,Full-Time,2007,80784,6462.72,3231.36,90478.08,IT,11,11,3
Stacy L Chen,11/23/01,Boston,MA,Full-Time,2007,80850,8893.5,4042.5,93786,Human Resources,11,4,5
Alexis Ripley,12/03/01,Boston,MA,Full-Time,2007,85020,10202.4,2550.6,97773,Administration,15,4,2
Micah Chokeir,12/21/01,Boston,MA,Full-Time,2007,75758,6818.22,757.58,83333.8,IT,12,11,3
Jesse Wooten,12/21/01,Boston,MA,Full-Time,2007,92906,9290.6,929.06,103125.66,Administration,12,8,4
Ryan Kennedy ,12/24/01,Boston,MA,Full-Time,2007,107452,11819.72,2149.04,121420.76,Customer Support,12,11,5
James Wilson,01/03/02,Boston,MA,Full-Time,2007,64746,3237.3,0,67983.3,Accounting,14,8,3
Steven  Bolin,02/02/02,Boston,MA,Full-Time,2007,57720,5772,2308.8,65800.8,Accounting,12,7,5
Gabriel R. Self,02/08/02,Boston,MA,Full-Time,2007,99136,4956.8,0,104092.8,IT,15,4,5
Manuel Steele,07/05/02,New York,NY,Full-Time,2007,58968,4717.44,2358.72,66044.16,Human Resources,13,8,2
Richard  Garza,01/16/03,Miami,FL,Full-Time,2007,32032,1921.92,1601.6,35555.52,Administration,15,6,3
Joshua Daniel,03/22/03,Miami,FL,Full-Time,2007,38828,3494.52,388.28,42710.8,Administration,14,7,2
Jacqueline N. Gappy,05/29/03,Miami,FL,Full-Time,2007,81662,7349.58,816.62,89828.2,Human Resources,11,0,3
Harman Abraha,07/21/03,Los Angeles,CA,Full-Time,2007,87633,10515.96,3505.32,101654.28,Accounting,15,11,5
Ryan  Mesko,10/18/03,Los Angeles,CA,Full-Time,2007,153036,7651.8,7651.8,168339.6,Administration,10,3,4
Erik G. Rinehart,11/04/03,Chicago,IL,Full-Time,2007,75075,4504.5,750.75,80330.25,IT,15,1,2
Julie Yost,11/07/03,New York,NY,Full-Time,2007,70632,5650.56,2118.96,78401.52,Finance,12,0,3
Rikkie J Mahone,11/27/03,New York,NY,Full-Time,2007,60091,4206.37,2403.64,66701.01,Marketing,10,7,4
Benny Erwin,12/03/03,Boston,MA,Full-Time,2007,90090,8108.1,0,233198.1,Sales,11,7,3
Jonathan C. Parnell,12/04/03,Boston,MA,Full-Time,2007,69336,7626.96,2773.44,79736.4,Marketing,15,6,5
Julie Harken,12/04/03,Boston,MA,Full-Time,2007,92820,9282,0,242102,Sales,12,9,3
Yvette Hurtado ,12/14/03,Boston,MA,Full-Time,2007,51251,3075.06,2562.55,56888.61,Finance,15,8,4
Rebecca Negrete,04/27/04,New York,NY,Full-Time,2007,62402,6240.2,3120.1,71762.3,Accounting,10,2,2
Cassandra Perry,06/07/04,Los Angeles,CA,Full-Time,2007,70978,7807.58,0,78785.58,R&D,10,10,2
Johnathan A Wilhite,06/08/04,Chicago,IL,Full-Time,2007,31784,2860.56,317.84,34962.4,Marketing,12,2,2
Bryan Brier,08/01/04,Boston,MA,Full-Time,2007,58598,7031.76,0,65629.76,Finance,15,1,3
Rosa I. Peralta,11/19/04,Boston,MA,Full-Time,2007,80475,9657,3219,93351,IT,10,1,3
Micah Talia,11/22/04,Boston,MA,Full-Time,2007,89782,9876.02,897.82,100555.84,R&D,13,1,5
Rebecca L. Haight,02/14/05,Miami,FL,Full-Time,2007,55469,3328.14,2773.45,61570.59,Accounting,10,1,4
Katherine Battah,03/04/05,Los Angeles,CA,Full-Time,2007,102312,7161.84,4092.48,113566.32,Customer Support,12,6,2
Elena Miriam Woodburn,03/09/05,Chicago,IL,Full-Time,2007,87005,7830.45,4350.25,99185.7,R&D,13,7,3
Krisaundra Hightower,05/05/05,Boston,MA,Full-Time,2007,71635,3581.75,0,75216.75,Finance,13,0,4
Matthew W Yamaguchi,05/20/05,Boston,MA,Full-Time,2007,54634,3824.38,0,148458.38,Sales,15,4,2
Laura Aguirre,08/04/05,Boston,MA,Full-Time,2007,81648,4082.4,3265.92,88996.32,Accounting,15,3,4
Eric W. Kilbride,09/25/05,Boston,MA,Full-Time,2007,30570,1834.2,1528.5,33932.7,Administration,15,7,5
Melissa Torruella,10/19/05,Boston,MA,Full-Time,2007,43680,3494.4,2184,49358.4,Customer Support,13,5,4
Natalie H. Woodford,12/21/05,Boston,MA,Full-Time,2007,57866,5207.94,578.66,63652.6,R&D,10,6,3
Kelley Reneau,01/09/06,Boston,MA,Full-Time,2007,38150,2670.5,763,41583.5,Accounting,10,1,4
Ann Sharp,02/02/06,Miami,FL,Full-Time,2007,89250,8032.5,2677.5,99960,IT,10,10,3
Michelle  Shevlin,02/28/06,Los Angeles,CA,Full-Time,2007,56160,3931.2,0,60091.2,R&D,12,2,3
Saif Perrine,03/01/06,Chicago,IL,Full-Time,2007,29430,2354.4,0,31784.4,Marketing,10,6,5
Genevieve   Knapp,04/02/06,New York,NY,Full-Time,2007,39200,2352,0,117552,Sales,11,11,2
Laura S Greenwell,04/17/06,Boston,MA,Full-Time,2007,68900,4823,0,73723,Human Resources,14,0,4
Elena Miriam Takahashi,05/06/06,Boston,MA,Full-Time,2007,87550,8755,1751,98056,IT,13,11,3
Jacqueline N. Hildebrand,08/11/06,Boston,MA,Full-Time,2007,47080,5649.6,941.6,53671.2,Finance,10,9,5
Joshua Johnson,09/02/06,Boston,MA,Full-Time,2007,107520,8601.6,1075.2,117196.8,Finance,14,4,5
Moriel Caldwell,11/16/06,Boston,MA,Full-Time,2007,128520,14137.2,1285.2,143942.4,R&D,12,6,2
Stephen H. Thomas,12/22/06,Boston,MA,Full-Time,2007,75040,6753.6,750.4,82544,Finance,15,7,4
Alyssa Adefioye,02/11/07,Miami,FL,Full-Time,2007,59000,3540,1770,64310,Customer Support,11,11,2
John  Michael,03/19/07,Los Angeles,CA,Full-Time,2007,87000,8700,870,96570,Marketing,12,11,3
Marylou M. Diaz,04/16/07,Chicago,IL,Full-Time,2007,66000,5940,2640,74580,Marketing,15,11,3
Roshan Coon,05/01/07,Boston,MA,Full-Time,2007,31000,3410,0,34410,Human Resources,14,3,3
Rose Moreno,05/09/07,Boston,MA,Full-Time,2007,16000,1280,480,17760,Finance,15,9,3
Ernest Trent,06/25/07,Boston,MA,Full-Time,2007,53000,4240,530,57770,Marketing,14,3,2
Jena Coon,06/28/07,Boston,MA,Full-Time,2007,53000,4240,0,68240,Sales,10,7,2
Margaret Pavlovich,07/20/07,Boston,MA,Full-Time,2007,26000,1560,780,28340,Finance,13,5,4
Kevin Nevandro,08/07/07,Boston,MA,Full-Time,2007,60000,4800,0,74000,Sales,14,3,2
Donna K. Bulgar,08/23/07,Boston,MA,Full-Time,2007,34000,3060,1700,38760,IT,10,10,4
Matthew H. Rios,09/17/07,Miami,FL,Full-Time,2007,65000,3250,3250,71500,Marketing,13,2,2
Sara Webb,10/09/07,Los Angeles,CA,Full-Time,2007,35000,2450,1050,38500,R&D,13,5,4
Ricardo Bergman,10/26/07,Chicago,IL,Full-Time,2007,32000,3840,1600,37440,R&D,13,9,2
Joshua Fields,11/14/07,New York,NY,Full-Time,2007,67000,4690,0,71690,Sales,12,10,5
Ricardo Sherrell,11/21/07,Boston,MA,Full-Time,2007,64000,5120,2560,71680,IT,12,7,3
Julia  Hegwood ,08/24/00,Boston,MA,Full-Time,2008,75100,4506,0,165606,Sales,14,2,2
Willow Nevandro,10/18/00,Boston,MA,Full-Time,2008,54800,2740,0,57540,Administration,10,7,3
Martie Elmasian,12/07/00,Boston,MA,Full-Time,2008,88200,7056,2646,97902,R&D,13,9,3
Kelly Queen,01/13/01,Los Angeles,CA,Full-Time,2008,67900,4753,0,187653,Sales,10,4,4
Joeanne Melendez,05/04/01,Los Angeles,CA,Full-Time,2008,55100,4959,2755,62814,R&D,12,9,2
Brian M Stucki,05/10/01,Chicago,IL,Full-Time,2008,57800,3468,0,181268,Sales,10,7,4
Cindy Summerville,06/23/01,Chicago,IL,Full-Time,2008,89000,9790,2670,101460,IT,12,3,4
Bryan Anderson,10/06/01,Chicago,IL,Full-Time,2008,91000,5460,3640,100100,Accounting,10,2,2
Janalee Eggleston,10/21/01,Boston,MA,Full-Time,2008,50000,2500,1500,54000,R&D,10,4,3
Elena Miriam Hillen ,10/22/01,Boston,MA,Full-Time,2008,85600,6848,2568,95016,IT,12,3,3
Alexis Ripley,12/03/01,Boston,MA,Full-Time,2008,87600,7008,0,94608,Administration,14,2,3
Micah Chokeir,12/21/01,Boston,MA,Full-Time,2008,81800,4090,2454,88344,IT,10,11,5
Jesse Wooten,12/21/01,Boston,MA,Full-Time,2008,103100,11341,4124,118565,Administration,10,10,3
Ryan Kennedy ,12/24/01,Boston,MA,Full-Time,2008,110700,12177,4428,127305,Customer Support,14,0,3
James Wilson,01/03/02,Boston,MA,Full-Time,2008,67300,6730,673,74703,Accounting,12,0,3
Steven  Bolin,02/02/02,Boston,MA,Full-Time,2008,64600,5814,2584,72998,Accounting,13,8,3
Gabriel R. Self,02/08/02,Boston,MA,Full-Time,2008,102100,8168,1021,111289,IT,14,2,3
Manuel Steele,07/05/02,New York,NY,Full-Time,2008,61300,3065,1226,65591,Human Resources,14,9,5
Richard  Garza,01/16/03,Miami,FL,Full-Time,2008,35900,1795,1077,38772,Administration,13,5,3
Joshua Daniel,03/22/03,Miami,FL,Full-Time,2008,42700,2135,2135,46970,Administration,14,3,4
Jacqueline N. Gappy,05/29/03,Miami,FL,Full-Time,2008,88200,7056,2646,97902,Human Resources,14,9,2
Harman Abraha,07/21/03,Los Angeles,CA,Full-Time,2008,94600,6622,1892,103114,Accounting,13,3,5
Ryan  Mesko,10/18/03,Los Angeles,CA,Full-Time,2008,166800,20016,5004,191820,Administration,13,10,4
Julie Yost,11/07/03,New York,NY,Full-Time,2008,74900,6741,1498,83139,Finance,12,8,2
Rikkie J Mahone,11/27/03,New York,NY,Full-Time,2008,66100,5949,2644,74693,Marketing,15,10,5
Benny Erwin,12/03/03,Boston,MA,Full-Time,2008,95500,7640,0,227140,Sales,11,2,2
Jonathan C. Parnell,12/04/03,Boston,MA,Full-Time,2008,73500,8085,735,82320,Marketing,14,9,4
Julie Harken,12/04/03,Boston,MA,Full-Time,2008,104000,8320,0,267320,Sales,13,11,2
Yvette Hurtado ,12/14/03,Boston,MA,Full-Time,2008,56400,3384,2256,62040,Finance,10,0,4
Rebecca Negrete,04/27/04,New York,NY,Full-Time,2008,65500,5240,655,71395,Accounting,11,8,5
Cassandra Perry,06/07/04,Los Angeles,CA,Full-Time,2008,78100,7810,781,86691,R&D,14,4,3
Johnathan A Wilhite,06/08/04,Chicago,IL,Full-Time,2008,32700,3270,1308,37278,Marketing,13,10,3
Bryan Brier,08/01/04,Boston,MA,Full-Time,2008,60900,6090,609,67599,Finance,15,4,2
Rosa I. Peralta,11/19/04,Boston,MA,Full-Time,2008,86900,5214,4345,96459,IT,14,11,2
Micah Talia,11/22/04,Boston,MA,Full-Time,2008,97900,4895,4895,107690,R&D,10,3,4
Rebecca L. Haight,02/14/05,Miami,FL,Full-Time,2008,57700,3462,1731,62893,Accounting,11,10,4
Katherine Battah,03/04/05,Los Angeles,CA,Full-Time,2008,108500,8680,2170,119350,Customer Support,12,8,2
Elena Miriam Woodburn,03/09/05,Chicago,IL,Full-Time,2008,94000,7520,940,102460,R&D,10,11,5
Krisaundra Hightower,05/05/05,Boston,MA,Full-Time,2008,76600,7660,1532,85792,Finance,15,6,3
Laura Aguirre,08/04/05,Boston,MA,Full-Time,2008,85700,10284,2571,98555,Accounting,15,4,5
Eric W. Kilbride,09/25/05,Boston,MA,Full-Time,2008,32400,1620,648,34668,Administration,15,4,2
Melissa Torruella,10/19/05,Boston,MA,Full-Time,2008,45900,2295,1836,50031,Customer Support,15,6,3
Natalie H. Woodford,12/21/05,Boston,MA,Full-Time,2008,63100,5679,631,69410,R&D,15,2,4
Ann Sharp,02/02/06,Miami,FL,Full-Time,2008,100000,12000,1000,113000,IT,15,11,4
Michelle  Shevlin,02/28/06,Los Angeles,CA,Full-Time,2008,62900,6290,629,69819,R&D,12,10,5
Saif Perrine,03/01/06,Chicago,IL,Full-Time,2008,33000,2970,990,36960,Marketing,13,9,3
Genevieve   Knapp,04/02/06,New York,NY,Full-Time,2008,41200,3708,0,126908,Sales,13,5,2
Laura S Greenwell,04/17/06,Boston,MA,Full-Time,2008,76500,6120,1530,84150,Human Resources,10,11,5
Elena Miriam Takahashi,05/06/06,Boston,MA,Full-Time,2008,98100,9810,2943,110853,IT,14,8,2
Jacqueline N. Hildebrand,08/11/06,Boston,MA,Full-Time,2008,52700,3689,1581,57970,Finance,14,3,2
Joshua Johnson,09/02/06,Boston,MA,Full-Time,2008,114000,11400,2280,127680,Finance,11,8,3
Moriel Caldwell,11/16/06,Boston,MA,Full-Time,2008,141400,8484,7070,156954,R&D,10,8,3
Stephen H. Thomas,12/22/06,Boston,MA,Full-Time,2008,84000,9240,840,94080,Finance,12,8,5
Alyssa Adefioye,02/11/07,Miami,FL,Full-Time,2008,61400,7368,0,68768,Customer Support,12,10,2
John  Michael,03/19/07,Los Angeles,CA,Full-Time,2008,90500,9050,4525,104075,Marketing,14,10,2
Marylou M. Diaz,04/16/07,Chicago,IL,Full-Time,2008,70000,4900,3500,78400,Marketing,12,10,3
Roshan Coon,05/01/07,Boston,MA,Full-Time,2008,34700,2776,0,37476,Human Resources,12,0,5
Rose Moreno,05/09/07,Boston,MA,Full-Time,2008,17600,2112,0,19712,Finance,11,5,4
Ernest Trent,06/25/07,Boston,MA,Full-Time,2008,55100,6612,2204,63916,Marketing,14,1,3
Jena Coon,06/28/07,Boston,MA,Full-Time,2008,58800,5880,0,138680,Sales,11,9,2
Margaret Pavlovich,07/20/07,Boston,MA,Full-Time,2008,27300,2730,1092,31122,Finance,10,0,4
Kevin Nevandro,08/07/07,Boston,MA,Full-Time,2008,63000,6300,0,151300,Sales,11,6,2
Donna K. Bulgar,08/23/07,Boston,MA,Full-Time,2008,36700,1835,1835,40370,IT,10,7,5
Matthew H. Rios,09/17/07,Miami,FL,Full-Time,2008,70900,3545,2127,76572,Marketing,10,8,4
Sara Webb,10/09/07,Los Angeles,CA,Full-Time,2008,38500,3850,1155,43505,R&D,10,4,5
Ricardo Bergman,10/26/07,Chicago,IL,Full-Time,2008,34900,4188,1396,40484,R&D,15,0,5
Joshua Fields,11/14/07,New York,NY,Full-Time,2008,73700,8844,0,151544,Sales,11,2,4
Ricardo Sherrell,11/21/07,Boston,MA,Full-Time,2008,66600,7992,1332,75924,IT,12,6,2
Alicia A. Elmasian,01/25/08,Chicago,IL,Full-Time,2008,51000,6120,1530,58650,Human Resources,15,2,4
Grant Tomasevic,01/29/08,Boston,MA,Full-Time,2008,48000,3360,2400,53760,R&D,14,4,3
Jessica Rodriguez,03/01/08,Boston,MA,Full-Time,2008,94000,8460,4700,107160,Human Resources,10,11,3
Saxton Peterson,03/15/08,Boston,MA,Full-Time,2008,39000,2340,1170,42510,Marketing,15,7,3
James Oberndorfer,04/26/08,Boston,MA,Full-Time,2008,80000,8800,0,112800,Sales,13,3,2
Tiffany M Blake,04/28/08,Boston,MA,Full-Time,2008,38000,4560,1520,44080,IT,11,5,4
Christopher Battah,05/13/08,Boston,MA,Full-Time,2008,25000,1250,250,26500,Human Resources,10,3,4
Ahlam Aby,07/09/08,Boston,MA,Full-Time,2008,63000,3780,630,67410,Accounting,10,1,5
Ernest Talia,09/15/08,Miami,FL,Full-Time,2008,110000,6600,3300,119900,Administration,10,2,5
Benny Melendez,09/28/08,Los Angeles,CA,Full-Time,2008,41000,2870,1640,45510,Human Resources,13,6,3
Brian Tomasevic,10/30/08,Chicago,IL,Full-Time,2008,145000,8700,1450,155150,Administration,14,5,4
Heela Kraft,12/08/08,New York,NY,Full-Time,2008,45000,4500,1800,51300,IT,11,9,2
Ian Helmer ,12/13/08,Boston,MA,Full-Time,2008,36000,2880,1080,39960,Marketing,12,0,5
